car_id,age_years,horsepower,accident_history,price,brand_tier_Luxury,brand_tier_Mid-Range
1,6,215,0,17812.474620701963,0,0
2,2,189,0,44285.49284757279,1,0
3,13,201,0,14582.443833390575,0,1
4,9,248,0,23858.89091095857,0,1
5,15,223,0,5418.556597683266,0,0
6,15,255,0,5778.546886597833,0,0
7,9,183,0,9821.861534673722,0,0
8,12,260,0,36363.238376792055,1,0
9,5,197,0,27227.106328860555,0,1
10,11,188,0,22496.819288723917,0,1
11,8,253,0,16221.543467841022,0,0
12,12,136,0,26110.24513856223,1,0
13,3,281,0,48314.717428496835,1,0
14,10,165,1,7135.370948938569,0,0
15,19,119,0,1000.0,0,0
16,17,212,0,3284.490544105857,0,0
17,10,161,0,10099.007641606635,0,0
18,3,281,0,35356.40398336465,0,1
19,17,158,1,1708.2191837467421,0,0
20,0,195,0,26985.969475696667,0,0
21,6,108,1,9349.886054941913,0,1
22,5,220,1,13763.22661561367,0,0
23,14,141,1,1000.0,0,0
24,17,214,1,3261.081177313911,0,0
25,10,158,1,1832.696271189805,0,0
26,19,77,0,2886.666082200645,0,1
27,14,186,0,3086.6131127786975,0,0
28,15,184,0,7949.920164561864,0,1
29,6,224,0,25761.3305738761,0,1
30,9,257,1,9646.252810028365,0,0
31,11,275,0,24862.058579078544,0,1
32,13,223,1,8513.192874835391,0,0
33,4,193,1,12079.07915739325,0,0
34,17,108,0,21625.010207468276,1,0
35,4,190,0,40477.34724210692,1,0
36,2,190,0,42578.33541401101,1,0
37,4,170,0,19569.235698702032,0,0
38,16,211,0,6516.931544117111,0,0
39,18,236,1,5479.546926109843,0,1
40,18,139,0,1000.0,0,0
41,11,138,0,6793.096919940212,0,0
42,8,173,0,10885.733738433228,0,0
43,0,149,0,25580.820779652506,0,0
44,17,97,0,16735.54919471073,1,0
45,3,130,0,16134.721932046874,0,0
46,9,118,0,19271.390843658868,0,1
47,6,240,0,18898.800745426328,0,0
48,0,265,0,39637.16685763921,0,1
49,16,125,1,4209.698465378622,0,1
50,1,207,0,28806.410568478517,0,0
51,10,223,0,36054.65241551788,1,0
52,8,105,0,15262.400338402591,0,1
53,6,188,0,36928.659608861606,1,0
54,16,306,0,27967.74978321174,1,0
55,16,213,0,7956.651099694425,0,1
56,1,167,0,43081.996330130234,1,0
57,5,151,0,13286.348210765509,0,0
58,13,78,0,1000.0,0,0
59,5,203,0,19501.834100756292,0,0
60,1,277,0,28868.26471668664,0,0
61,0,139,0,22566.75375395157,0,0
62,9,83,0,3825.893184717976,0,0
63,4,146,1,30716.921989612434,1,0
64,1,224,0,24573.255651313768,0,0
65,15,158,0,1000.0,0,0
66,1,138,0,28599.914556465148,0,1
67,9,180,1,8265.090173993345,0,0
68,1,191,0,40314.32741302477,1,0
69,15,110,0,1000.0,0,0
70,15,169,0,25168.54313592108,1,0
71,18,155,0,4093.0598532793783,0,1
72,6,147,0,11010.280272010601,0,0
73,11,129,0,3579.16959962622,0,0
74,14,227,0,30235.046860087048,1,0
75,7,147,1,15417.806062077205,0,1
76,5,80,0,18521.492946186278,0,1
77,9,193,0,20780.15782302767,0,1
78,2,216,0,21838.481749834453,0,0
79,18,140,0,1000.0,0,0
80,16,152,0,1000.0,0,0
81,6,147,1,23425.4363728323,1,0
82,19,162,0,7749.470695988553,0,1
83,3,235,1,12762.387158491445,0,0
84,13,174,0,6287.799879684325,0,0
85,19,221,0,1000.0,0,0
86,14,131,1,1337.3675152579044,0,0
87,7,160,0,23833.562448239525,0,1
88,14,227,0,8929.704684294571,0,1
89,19,139,0,18932.11887575463,1,0
90,13,230,0,7298.260363414807,0,0
91,8,148,0,12237.795899735605,0,0
92,7,163,0,21023.213295813057,0,1
93,16,263,0,13210.553038140113,0,1
94,1,158,0,26892.461824343416,0,1
95,2,187,0,27731.250021985903,0,1
96,7,210,1,17136.63459969723,0,0
97,11,191,0,18038.65771620457,0,1
98,0,192,0,26678.801068419998,0,0
99,9,177,1,7235.498163317266,0,0
100,19,114,0,1000.0,0,0
101,2,197,1,17099.277832591688,0,0
102,5,143,0,18648.27449309529,0,1
103,6,218,0,15850.017352258055,0,0
104,19,248,0,7685.131741469789,0,1
105,17,89,0,20187.12256864987,1,0
106,10,248,0,13996.749847611462,0,0
107,18,159,1,1000.0,0,0
108,4,173,1,18547.591962361726,0,1
109,18,134,1,1000.0,0,0
110,10,189,0,12284.472601577065,0,0
111,11,183,0,9285.337530268747,0,0
112,9,233,0,17545.580132218154,0,0
113,7,142,0,34425.47364767853,1,0
114,8,263,0,42296.46728153739,1,0
115,3,213,0,28814.362877982367,0,1
116,4,184,0,39748.27707530517,1,0
117,7,170,0,40600.95687929103,1,0
118,8,164,0,14821.963099491573,0,0
119,14,167,1,18956.81805851178,1,0
120,14,188,0,14056.303728288285,0,1
121,15,169,0,22830.002743195186,1,0
122,13,147,0,24162.572497751717,1,0
123,7,188,1,12271.406539719696,0,0
124,17,138,0,1000.0,0,0
125,9,196,1,8017.643876333065,0,0
126,19,168,1,1000.0,0,0
127,5,214,1,29059.892001274155,1,0
128,11,229,0,33212.561385257526,1,0
129,1,229,0,21138.196020914,0,0
130,6,195,0,26647.483725350205,0,1
131,15,201,0,3967.1699418294975,0,0
132,2,163,0,23684.899263253774,0,0
133,12,213,0,5474.596366682887,0,0
134,2,219,0,20104.452448013053,0,0
135,17,101,0,18524.537164806243,1,0
136,10,198,0,13164.545480285478,0,0
137,7,248,0,22726.502575350944,0,1
138,5,162,0,21029.02738095685,0,1
139,0,151,0,23280.45456825199,0,0
140,0,159,0,44709.02541733956,1,0
141,7,104,1,24162.308826399356,1,0
142,4,186,0,18164.32714219036,0,0
143,15,181,0,3382.3095720344604,0,0
144,10,189,0,12880.927085078252,0,0
145,4,200,0,16862.831296011867,0,0
146,3,140,0,19940.406408712945,0,0
147,5,193,0,22223.25885402678,0,1
148,13,202,0,15824.30780240209,0,1
149,18,155,0,1000.0,0,0
150,8,201,0,13004.555443199291,0,0
151,11,184,0,32975.54455558552,1,0
152,10,148,0,7320.677735459469,0,0
153,13,194,0,7324.325328432794,0,0
154,15,165,0,1000.0,0,0
155,0,214,0,48362.26781676633,1,0
156,12,168,0,7401.415416183818,0,0
157,12,115,1,10781.650693839649,0,1
158,1,193,0,32370.711942805196,0,1
159,3,191,0,20384.575630406882,0,0
160,5,125,1,16087.225076437755,0,1
161,4,217,0,17718.34210566502,0,0
162,2,214,0,33474.75288151132,0,1
163,0,136,1,21877.056852939073,0,1
164,3,147,1,14167.304315210291,0,1
165,19,172,0,1000.0,0,0
166,1,142,0,44135.515807593714,1,0
167,4,212,1,12241.382393670603,0,0
168,2,187,0,21842.812174789517,0,0
169,8,125,1,5382.002756538743,0,0
170,19,138,0,1000.0,0,1
171,5,239,0,26163.87197083193,0,1
172,17,256,1,3180.0253927038834,0,0
173,5,206,1,19809.85846406668,0,1
174,18,169,0,1000.0,0,0
175,11,158,0,16926.015642067534,0,1
176,10,207,0,12751.477189353049,0,0
177,1,183,0,28119.617291894872,0,1
178,14,99,0,1971.3705309453198,0,0
179,11,231,1,25080.517975489285,1,0
180,11,247,1,11912.905856983252,0,0
181,8,216,0,15285.089957748905,0,0
182,1,125,0,16844.939373443718,0,0
183,2,148,0,41031.66981629045,1,0
184,11,87,0,23188.443553315017,1,0
185,15,259,0,8168.516915019673,0,0
186,0,162,0,33743.21211915803,0,1
187,2,296,0,44960.275547538164,1,0
188,19,277,0,13468.896999516759,0,1
189,1,134,0,28631.05778067519,0,1
190,8,144,0,8730.616676462345,0,0
191,18,203,0,1000.0,0,0
192,14,92,0,20635.09298163527,1,0
193,17,158,0,22169.67198696115,1,0
194,10,153,0,16063.511032693514,0,1
195,15,272,0,8558.030017713238,0,0
196,16,188,1,1000.0,0,0
197,4,165,0,23536.229307805745,0,1
198,11,148,0,30577.659824487626,1,0
199,10,224,0,33649.111937952905,1,0
200,14,155,0,10789.370130382327,0,1
201,2,177,0,29695.034413763173,0,1
202,0,148,1,15235.288284390987,0,0
203,19,104,0,1000.0,0,0
204,15,130,1,15879.96516474211,1,0
205,1,154,0,28227.659227525553,0,1
206,1,166,0,20600.57250383823,0,0
207,2,169,0,23120.699493084318,0,0
208,7,175,0,19854.307609472206,0,1
209,14,155,0,5746.4979069516885,0,0
210,6,247,0,19083.43407102384,0,0
211,5,227,1,24336.76878533997,0,1
212,8,173,0,18860.502257549393,0,1
213,19,192,0,7987.4597344622125,0,1
214,0,161,1,17155.4839591783,0,0
216,2,181,0,22599.877677650868,0,0
217,3,195,1,15403.397734148608,0,0
218,14,99,1,4836.69724019468,0,1
219,5,204,0,26552.74727428983,0,1
220,14,165,0,28568.070003445,1,0
221,2,196,0,30439.370746372464,0,1
222,13,167,0,11774.679899169183,0,1
223,19,242,0,1000.0,0,0
224,13,191,1,4379.70410674138,0,0
225,3,230,0,24257.863091769697,0,0
226,11,234,0,9695.850016749398,0,0
227,16,124,1,15875.581399809385,1,0
228,6,143,1,6386.510198504162,0,0
229,8,202,0,37370.34960582108,1,0
230,2,161,0,29273.932985764655,0,1
231,12,168,0,18159.014824016795,0,1
232,14,244,0,17465.30377727836,0,1
233,17,164,0,6308.458417943495,0,1
234,18,131,0,1000.0,0,0
235,0,138,1,16358.39297197602,0,0
236,5,289,0,29335.51587375515,0,1
237,1,171,0,23032.85982796492,0,0
238,13,111,0,1000.0,0,0
239,5,91,0,19605.17191792014,0,1
240,13,148,0,1000.0,0,0
241,3,170,1,27366.975973778557,1,0
242,7,227,0,36648.78402196753,1,0
243,2,222,0,47151.43723823384,1,0
244,18,179,0,1000.0,0,0
245,13,157,0,7382.5273429266545,0,0
246,19,196,0,19547.855822869682,1,0
247,16,92,0,1454.2152546550324,0,0
248,7,279,0,37340.74007166046,1,0
249,13,212,0,30418.9518909011,1,0
250,5,223,0,41611.84148311797,1,0
251,15,126,0,1000.0,0,0
252,18,244,0,1000.0,0,0
253,13,156,0,26384.066755880885,1,0
254,18,132,0,1000.0,0,0
255,2,178,0,19149.011525860587,0,0
256,9,176,0,19336.88085643155,0,1
257,18,126,0,18854.12084491007,1,0
258,8,135,0,19634.096187055493,0,1
259,19,131,1,1000.0,0,1
260,12,131,0,3825.1997913024043,0,0
261,6,160,0,24734.151684868506,0,1
262,13,110,0,22810.812047704432,1,0
263,8,145,1,5163.202944572756,0,0
264,18,232,0,7929.208252634224,0,1
265,14,221,0,25122.19063152178,1,0
266,19,127,1,4889.886712584443,0,1
267,13,227,1,10351.734903164137,0,1
268,5,81,0,18955.510570646347,0,1
269,3,301,0,26897.144038978564,0,0
270,7,245,1,10841.986077158348,0,0
271,16,152,0,21988.980727381524,1,0
272,8,199,0,34687.71092058986,1,0
273,0,109,0,39439.93817892266,1,0
274,19,183,0,20357.72883097423,1,0
275,13,170,0,15003.212503840858,0,1
276,10,138,0,15285.312902723743,0,1
277,2,156,1,20874.80553191131,0,1
278,8,151,0,16569.952739171596,0,1
279,13,123,0,9072.614826034793,0,1
280,8,137,0,15789.151148832743,0,1
281,3,107,1,27589.038412357797,1,0
282,3,222,0,21585.92084226382,0,0
283,7,133,0,11165.855406798704,0,0
284,1,118,0,20246.854577123097,0,0
285,8,222,0,21583.980829235516,0,1
286,13,198,1,7071.890616970584,0,0
287,8,220,0,15712.67968229894,0,0
288,15,225,0,11416.703212689954,0,1
289,16,276,0,3209.636547938864,0,0
290,15,172,0,11643.817458224416,0,1
291,11,107,0,5563.155416550156,0,0
292,2,193,0,22677.875905969788,0,0
293,10,146,0,31991.816210678473,1,0
294,13,132,0,2144.7985041898105,0,0
295,17,184,0,1000.0,0,0
296,4,223,0,26956.651514828558,0,1
297,15,138,0,10898.491345781476,0,1
298,19,243,0,1000.0,0,0
299,4,130,0,22720.225212909936,0,1
300,2,167,0,22960.56621858958,0,0
301,11,199,1,9295.39667666948,0,0
302,0,160,0,30972.748584275214,0,1
303,8,91,0,15722.231422631445,0,1
304,8,226,1,15421.170555639106,0,1
305,3,148,1,18003.99923646833,0,1
306,2,217,1,30249.709053135157,1,0
307,16,116,0,6961.1922488813625,0,1
308,1,125,0,23580.300807496,0,0
309,0,223,0,34543.3125365794,0,1
310,7,197,0,12744.01329857991,0,0
311,12,158,0,7226.211580775794,0,0
312,14,197,1,4165.847749412,0,0
313,7,132,0,12483.052524412678,0,0
314,11,185,0,29775.231268633397,1,0
315,11,186,1,22203.80845506655,1,0
316,13,161,0,14137.095769511894,0,1
317,14,138,0,1000.0,0,0
318,14,183,0,3828.7218312240448,0,0
319,8,177,0,12086.948735593856,0,0
320,18,156,0,1000.0,0,0
321,19,128,1,3550.916662916769,0,1
322,7,180,1,11121.277757570162,0,1
323,18,156,1,5577.592414449546,0,1
324,5,128,0,16193.57271623681,0,0
325,19,182,1,16131.677720299354,1,0
326,18,260,0,9485.667656152842,0,1
327,3,161,0,25866.758640731703,0,1
328,6,254,0,23829.386633251917,0,1
329,3,285,0,21172.070251846017,0,0
330,11,132,0,5770.527133975822,0,0
331,12,180,0,7389.745975624197,0,0
332,2,285,0,34114.98744632082,0,1
333,11,173,0,9625.228494346798,0,0
334,1,181,0,29083.45104895954,0,0
335,1,96,0,17683.833340811292,0,0
336,8,153,0,9217.214054247119,0,0
337,0,207,0,48904.304712236684,1,0
338,7,301,0,28020.848182150163,0,1
339,5,170,0,15459.630584556524,0,0
340,5,96,0,14303.47553946849,0,0
341,17,109,0,1000.0,0,0
342,16,178,1,1000.0,0,0
343,11,238,0,11453.357945518768,0,0
344,5,211,0,16639.97685957636,0,0
345,7,203,0,12329.596503356586,0,0
346,18,245,0,10197.088842285664,0,1
347,9,143,0,19839.29689911128,0,1
348,0,180,0,25896.788325479196,0,0
349,12,153,0,7235.298776612825,0,0
350,16,166,1,4348.933107070785,0,1
351,2,129,0,26922.29920098078,0,1
352,7,162,0,32526.059390994713,1,0
353,13,178,1,9389.033419287598,0,1
354,2,161,0,23316.697065801065,0,0
355,15,171,1,4543.25338455927,0,0
356,12,200,0,19552.095729454682,0,1
357,19,241,0,2387.399770317297,0,0
358,16,245,1,9539.479275684884,0,1
359,12,218,1,23980.091194249613,1,0
360,5,117,1,16217.98518616482,0,1
361,16,161,0,1000.0,0,0
362,13,166,1,6252.284014364268,0,1
363,16,147,1,1696.1708937279352,0,0
364,7,197,0,27155.68384975396,0,1
365,10,100,0,30094.569314878812,1,0
366,19,264,0,1000.0,0,0
367,0,239,1,33576.39631192198,1,0
368,6,203,0,39298.93725046963,1,0
369,16,176,0,1000.0,0,0
370,9,241,0,11649.578963360582,0,0
371,10,214,0,11979.008215742653,0,0
372,8,235,0,16341.365819090983,0,0
373,8,177,0,10679.988936572148,0,0
374,4,269,1,18228.98086126789,0,1
375,16,238,0,7189.132303619343,0,0
376,8,205,0,13190.148467612576,0,0
377,16,242,0,27155.848305875723,1,0
378,18,159,0,1000.0,0,0
379,6,121,0,33418.70139483571,1,0
380,8,196,0,16074.51490096146,0,0
381,6,177,0,13441.807864087239,0,0
382,12,170,1,10137.01206506198,0,1
383,10,240,0,20055.675705314934,0,1
384,13,188,0,24776.497837520645,1,0
385,18,193,0,6969.4209175743745,0,1
386,10,163,0,28798.08697557118,1,0
387,12,224,1,7886.855022811082,0,0
388,13,215,0,5205.917733825996,0,0
389,12,223,0,18154.73333599584,0,1
390,0,155,0,44390.988310526445,1,0
391,7,245,0,38384.025915142316,1,0
392,11,271,0,13803.616453098783,0,0
393,18,222,0,1000.0,0,0
394,11,139,0,13515.412365880804,0,1
395,7,139,0,13571.478811012286,0,0
396,7,161,0,37400.15599956516,1,0
397,12,151,1,18828.64524158557,1,0
398,11,176,0,7627.822217160784,0,0
399,15,211,0,9126.362963988811,0,1
400,0,194,0,30698.573676238735,0,1
401,12,190,0,4441.830747647133,0,0
402,6,167,0,38439.12249292798,1,0
403,4,176,0,27223.202947897873,0,1
404,7,219,0,37884.168910864515,1,0
405,13,79,0,1000.0,0,0
406,12,179,0,30290.204173484493,1,0
407,14,194,0,3094.8273307687396,0,0
408,16,219,1,3903.1387499076945,0,0
409,14,129,0,27924.113035508955,1,0
410,19,126,0,1000.0,0,0
411,17,209,0,1000.0,0,0
412,17,84,0,15152.758753811338,1,0
413,1,246,0,48413.28173109583,1,0
414,3,191,0,28210.914011080145,0,1
415,0,257,1,24203.881407874596,0,1
416,3,125,1,12187.14702096621,0,0
417,17,158,0,1000.0,0,0
418,4,59,0,8875.83847017944,0,0
419,18,140,0,2661.078151896213,0,1
420,14,170,0,7605.01405783806,0,1
421,7,81,0,15146.07882302694,0,1
422,19,160,0,4589.124861409306,0,1
423,16,80,0,1000.0,0,0
424,0,167,0,19739.28193231699,0,0
425,11,237,0,13502.729888575757,0,0
426,18,178,1,3646.407366992682,0,1
427,14,262,0,5891.443780164051,0,0
428,8,219,1,25283.150010745525,1,0
429,6,247,0,17766.11255078063,0,0
430,1,141,0,18996.20598370875,0,0
431,8,140,0,12336.666782461707,0,0
432,9,197,0,17642.515189352776,0,1
433,1,101,1,18684.48033598169,0,1
434,18,203,0,1000.0,0,0
435,10,163,1,6416.145713765755,0,0
436,12,246,0,18434.009378557686,0,1
437,9,213,1,10103.912653107995,0,0
438,13,234,0,31207.9482550787,1,0
439,17,142,0,5444.999182947038,0,1
440,18,232,0,1000.0,0,0
441,8,252,0,14353.95561538924,0,0
442,6,178,0,38562.27815905513,1,0
443,2,143,0,16921.848897499833,0,0
444,19,143,1,1000.0,0,0
445,5,241,0,45838.20013219876,1,0
446,1,314,1,35721.06905415602,1,0
447,5,130,1,27334.01824086059,1,0
448,2,127,0,27505.00978995283,0,1
449,15,226,1,3979.066435791851,0,0
450,7,142,0,11297.641403275702,0,0
451,1,230,1,22102.447777600333,0,1
452,16,203,0,13923.251850326647,0,1
453,8,178,0,11801.451175039365,0,0
454,11,202,0,32340.91343550161,1,0
455,2,199,0,23306.886086985825,0,0
456,10,171,0,10376.257248897437,0,0
457,0,92,0,21378.053331110965,0,0
458,12,188,0,6832.909024426894,0,0
459,14,258,1,7001.852389332973,0,0
460,4,99,0,11063.742853700702,0,0
461,16,131,0,1957.818181783255,0,0
462,5,201,0,27692.32413339893,0,1
463,10,181,0,17019.438905639217,0,1
464,17,200,1,7478.8153062952615,0,1
465,3,145,0,42379.82552317315,1,0
466,2,238,0,22515.668680228046,0,0
467,12,182,0,7278.620944272257,0,0
468,8,214,0,34739.216993703274,1,0
469,5,196,1,14538.635647731191,0,0
470,11,188,0,32783.932465422375,1,0
471,1,211,1,16283.32847964792,0,0
472,2,189,0,43413.69057718427,1,0
473,2,120,1,12437.127591920476,0,0
474,11,234,0,31722.52162109424,1,0
475,14,220,1,9729.02479860675,0,1
476,8,74,1,19112.6812748652,1,0
477,7,147,1,10405.954811869087,0,0
478,10,232,0,22070.803668584707,0,1
479,15,88,0,22642.955651022257,1,0
480,3,227,0,27522.84321249078,0,1
481,0,172,0,30435.711198193032,0,1
482,6,247,0,27279.100009465365,0,1
483,1,179,0,23907.953507565777,0,0
484,4,143,0,20995.77274269962,0,1
485,6,195,0,25299.83049859207,0,1
486,3,178,0,39567.15356664847,1,0
487,4,139,0,16170.975571307667,0,0
488,0,290,0,31968.306084154516,0,0
489,0,131,0,46294.140689793494,1,0
490,14,67,0,24117.658728467293,1,0
491,19,259,0,1000.0,0,0
492,18,150,1,1683.7824115530138,0,1
493,9,165,1,6522.944353003173,0,0
494,17,162,1,1000.0,0,0
495,2,151,1,14409.074158047959,0,0
496,10,141,0,10818.403245637586,0,0
497,14,130,0,7506.143164156677,0,1
498,10,183,0,8770.904446367225,0,0
499,16,159,0,25776.16042761497,1,0
500,16,216,0,23769.432243907635,1,0
501,5,204,0,26923.547319495126,0,1
502,4,133,0,23065.74335562049,0,1
503,7,185,0,15291.138309327687,0,0
504,1,159,0,42685.27549323492,1,0
505,15,130,0,9389.281946192288,0,1
506,19,214,0,1000.0,0,0
507,11,173,0,28175.376465056932,1,0
508,5,159,0,39541.619128161845,1,0
509,0,137,0,39329.464037946396,1,0
510,3,128,1,16059.205155473148,0,1
511,16,279,0,15128.671194450691,0,1
512,12,196,0,9189.088365172775,0,0
513,17,125,0,22079.965405332747,1,0
514,4,194,0,45261.28817715299,1,0
515,2,233,0,26116.841866104565,0,0
516,10,188,0,10476.169561266417,0,0
517,12,248,0,12557.623071418719,0,0
518,3,102,1,27024.404427007372,1,0
519,13,80,1,17479.03594265063,1,0
520,10,193,0,9456.784541692277,0,0
521,9,193,0,20504.391630779493,0,1
523,17,148,0,20897.254797513942,1,0
524,5,129,0,37958.182213490305,1,0
525,14,110,1,20551.30264599912,1,0
526,9,129,0,9239.966788724516,0,0
527,4,209,1,14239.52072672457,0,0
528,4,129,0,13850.214011588796,0,0
529,9,130,0,10945.372163972817,0,0
530,4,99,0,36205.209967041854,1,0
531,2,243,1,33670.07494285493,1,0
532,5,201,1,29464.386058444314,1,0
533,3,55,0,38703.20765986648,1,0
534,17,130,0,6754.382976382004,0,1
535,8,206,0,19009.76726541781,0,1
536,16,244,1,15878.604261485858,1,0
537,12,222,1,23679.878244927742,1,0
538,14,162,0,3370.9272245432303,0,0
539,19,83,0,1000.0,0,0
540,16,223,0,6982.273749931879,0,0
541,12,165,0,27799.593814404223,1,0
542,15,183,0,12941.904980499155,0,1
543,3,171,0,17699.799276668007,0,0
544,4,112,1,19231.909467623413,0,1
545,4,198,0,28635.57074084235,0,1
546,8,191,1,6407.483136572406,0,0
547,16,158,0,1000.0,0,0
548,12,203,0,19548.219603264057,0,1
549,1,111,0,30541.571534500068,0,1
550,12,166,0,15038.712696615583,0,1
551,18,181,0,7286.903152208862,0,1
552,2,93,0,39611.83636172905,1,0
553,9,177,0,19489.314064468406,0,1
554,1,216,0,31847.927034323184,0,1
555,12,164,0,31338.527127128877,1,0
556,18,178,0,1000.0,0,0
557,16,208,0,1542.2987557195495,0,0
558,13,160,0,6034.706373944544,0,0
559,11,165,0,15956.693192730236,0,1
560,11,121,0,12529.12319996268,0,1
561,10,179,1,15931.94531526211,0,1
562,6,163,0,14454.24879867943,0,0
563,3,204,0,17092.89498236167,0,0
564,18,208,0,1000.0,0,0
565,0,219,0,27936.97693849785,0,0
566,2,154,1,17413.678751354182,0,1
567,12,71,0,3522.2456923371137,0,0
568,14,217,0,4204.182545168559,0,0
569,1,201,0,48905.45204789343,1,0
570,10,148,0,7343.744933113334,0,0
571,3,207,0,27613.093784734345,0,1
572,18,107,0,1870.2609587955567,0,1
573,16,231,0,5600.117682612598,0,0
574,2,163,1,23332.842337607348,0,1
575,17,138,0,20462.191492009035,1,0
576,7,148,0,34514.061080897765,1,0
577,18,168,0,1000.0,0,0
578,4,179,0,37058.15067169406,1,0
579,6,182,0,14755.66408908267,0,0
580,7,158,0,10651.94781162737,0,0
581,4,190,0,15352.937339270458,0,0
582,16,180,1,16750.65978913968,1,0
583,4,147,1,10772.134195277513,0,0
584,3,140,0,20762.24007264979,0,0
585,18,210,0,6501.808123285934,0,1
586,1,206,0,24799.205640584638,0,0
587,10,182,0,11135.548819454083,0,0
588,12,226,0,12106.366098493538,0,0
589,14,81,0,1000.0,0,0
590,11,151,0,9789.479941164216,0,0
591,10,122,0,8416.120628423258,0,0
592,6,292,0,31262.03213544186,0,1
593,4,215,1,18767.766015186542,0,0
594,16,176,0,1219.1088479156008,0,0
595,19,219,0,22110.185119378777,1,0
596,8,235,0,15241.977562896413,0,0
597,13,235,0,19213.476475825584,0,1
598,11,226,0,16397.645496913043,0,0
599,5,166,0,17647.316266021302,0,0
600,16,154,0,1000.0,0,0
601,18,131,0,1000.0,0,0
602,18,205,0,2526.4247295234145,0,0
603,15,172,1,1000.0,0,0
604,11,159,0,6453.583138887192,0,0
605,11,156,0,6303.612932111413,0,0
606,19,252,0,1000.0,0,0
607,5,227,0,20214.115911737335,0,0
608,3,271,0,21009.73587795696,0,0
609,5,206,0,22831.734580517306,0,1
610,10,182,0,14411.227184735604,0,1
611,0,178,0,21131.944728172144,0,0
612,14,128,0,9119.735423034293,0,1
613,10,116,0,14597.821684027129,0,1
614,18,205,0,1689.6695663697483,0,0
615,17,133,0,21660.422525440907,1,0
616,16,190,0,23837.10320720913,1,0
617,18,235,0,1860.2211167877924,0,0
618,13,146,0,6138.487716665213,0,0
619,17,280,0,27194.610129171215,1,0
620,18,130,0,3441.1196657416276,0,1
621,14,229,0,4766.2977782057715,0,0
622,14,201,0,3998.704821598694,0,0
623,3,239,0,24070.633421812592,0,0
624,6,124,0,12907.243046433592,0,0
625,12,295,0,24278.186637774597,0,1
626,2,171,0,19695.368188284043,0,0
627,15,213,0,6047.82675450471,0,0
628,8,252,0,24508.420986863362,0,1
629,7,149,0,12442.256617681216,0,0
630,19,221,0,1000.0,0,0
631,12,141,0,13898.413663152998,0,1
632,16,249,0,28405.65913070593,1,0
633,16,141,0,7530.872718604417,0,1
634,16,181,0,9793.919091558157,0,1
635,0,195,1,17397.973532682397,0,0
636,7,219,0,12859.402322921336,0,0
637,18,278,0,11650.480846231714,0,1
638,5,157,0,15277.792382447604,0,0
639,2,236,0,27796.4388572965,0,0
640,4,278,0,24364.89686426573,0,0
641,12,188,1,5637.284019277207,0,0
642,14,152,0,4009.87338764762,0,0
643,13,93,0,1000.0,0,0
644,15,274,0,7066.093617156065,0,0
645,17,167,0,1000.0,0,0
646,10,129,0,30442.379578704247,1,0
647,2,112,0,24403.39705882136,0,1
648,9,129,0,15368.31085026823,0,1
649,9,225,0,18978.508340460976,0,1
650,15,232,0,5747.16952708831,0,0
651,11,212,0,10482.390414368641,0,0
652,1,186,0,31358.287506822333,0,1
653,8,117,0,15982.687908651458,0,1
654,2,143,0,27610.376151899385,0,1
655,14,124,0,1000.0,0,0
656,2,208,0,21693.07988922928,0,0
657,18,126,0,1000.0,0,0
658,17,144,0,1000.0,0,0
659,7,170,0,18140.477431559957,0,1
660,16,96,1,1000.0,0,1
661,7,182,0,14613.513426238145,0,0
662,6,174,0,38399.81195904083,1,0
663,6,239,0,26808.840376751763,0,1
664,2,139,0,20228.51079557078,0,0
665,0,115,0,20188.915028260435,0,0
666,3,161,1,14740.7514895737,0,0
667,4,125,0,15933.309874074823,0,0
668,0,181,1,15556.086469790522,0,0
669,14,87,0,1000.0,0,0
670,4,149,0,17597.78819230129,0,0
671,12,133,0,8130.598877251061,0,0
672,7,208,0,40450.44584527846,1,0
673,7,139,0,12255.413644275048,0,0
674,4,93,1,13866.993857013696,0,1
675,8,169,0,15754.70855164975,0,0
676,0,195,1,34178.07903851036,1,0
677,3,166,0,18960.683762657398,0,0
678,2,149,1,9824.557158151641,0,0
679,1,146,0,42101.2268220968,1,0
680,7,185,0,35531.12376233401,1,0
681,8,135,0,33053.92539800364,1,0
682,1,163,0,22826.023266370245,0,0
683,13,217,0,9251.995947629619,0,0
684,13,114,0,13124.948975503496,0,1
685,3,177,0,43942.227447694895,1,0
686,5,90,1,11660.625384798877,0,1
687,10,191,0,20033.422023089268,0,1
688,2,131,0,22240.09176080203,0,0
689,7,230,0,27583.37561154851,0,1
690,2,106,1,9733.418919974798,0,0
691,13,202,0,6106.9257938447345,0,0
692,12,241,1,9040.426919297845,0,0
693,12,128,1,6188.291971741578,0,1
694,1,136,1,11037.13279998749,0,0
695,12,132,1,4406.304510527157,0,0
696,18,155,0,3666.8461039958775,0,1
697,5,205,0,15302.006201015984,0,0
698,15,151,0,12144.106749068127,0,1
699,1,123,0,20166.34292201078,0,0
700,7,79,0,8048.744896974611,0,0
701,16,260,0,10986.555877481189,0,1
702,1,264,0,26883.81961828559,0,0
703,9,208,0,13611.906356952293,0,0
704,15,139,0,1376.2215882058797,0,0
705,5,217,1,10414.08560966525,0,0
706,1,227,0,48441.10303782576,1,0
707,1,167,0,23193.94012704534,0,0
708,12,182,0,29101.598204809008,1,0
709,14,241,0,9568.008083043462,0,0
710,1,97,1,16456.249460630574,0,1
711,6,229,0,28069.786072509716,0,1
712,2,164,0,28183.854795220206,0,1
713,7,124,0,10619.230895319155,0,0
714,13,128,0,2988.8090461228544,0,0
715,6,136,0,15449.57655722774,0,0
716,6,119,0,35510.11401125443,1,0
717,0,268,0,52178.48975764613,1,0
718,16,204,1,19692.577419323934,1,0
719,8,233,0,14115.394292877632,0,0
720,12,208,0,16380.602373101035,0,1
721,18,183,0,21025.304288490224,1,0
722,18,183,0,1000.0,0,0
723,16,160,0,1000.0,0,0
724,9,164,0,18306.30307917408,0,1
725,9,109,1,15221.121780970778,0,1
726,3,234,0,47606.82615070353,1,0
727,7,89,1,4706.4381588817,0,0
728,19,127,0,3945.548765943876,0,1
729,19,280,1,3110.242735168349,0,0
730,17,186,0,1000.0,0,0
731,13,188,0,5905.5024518104,0,0
732,17,211,0,22150.299237699022,1,0
733,13,102,1,1663.8718494132681,0,1
734,19,110,1,1000.0,0,1
735,14,157,0,2890.0119245956585,0,0
736,3,134,0,37737.35752443048,1,0
737,12,176,0,6881.355984418729,0,0
738,7,204,0,33508.542876899875,1,0
740,11,220,1,7822.159551395756,0,0
741,13,130,0,4455.936603745276,0,0
742,1,161,0,18749.773176623323,0,0
743,17,147,0,10023.306125637198,0,1
744,1,129,0,31206.267422285968,0,1
745,10,117,0,5560.363703256366,0,0
746,8,263,0,42282.07221820023,1,0
747,11,180,0,10160.100204233953,0,0
748,16,168,0,7482.005242908479,0,1
749,14,204,0,26760.891386853495,1,0
750,16,206,0,9514.49840665605,0,1
751,17,235,0,8984.465203010543,0,0
752,5,142,0,40417.65495664758,1,0
753,16,200,1,6864.953075137639,0,1
754,17,134,0,1000.0,0,0
755,7,170,0,15176.334468658355,0,0
757,5,187,0,22936.483848845233,0,1
758,4,185,0,26822.685415068412,0,1
759,11,220,1,21893.351821144002,1,0
760,10,150,1,11824.731591894915,0,1
761,0,189,0,24353.973733718296,0,0
762,10,142,0,9678.605618804138,0,0
764,8,134,0,18103.87576100423,0,1
765,1,144,0,16859.61880515477,0,0
766,11,224,0,19428.86862610198,0,1
767,3,158,1,17086.45867412209,0,1
768,3,224,0,41149.55135516553,1,0
769,17,187,0,3051.4643714851577,0,0
770,14,159,0,26002.869170009257,1,0
771,18,142,0,1000.0,0,0
772,12,140,0,26375.37338667944,1,0
773,18,160,0,1000.0,0,0
774,16,171,0,1515.0076694198212,0,0
775,5,138,0,21892.6287540052,0,1
776,15,174,1,1000.0,0,0
777,11,125,0,5029.403378561261,0,0
778,18,217,1,7978.6699136120515,0,1
779,4,227,0,30847.32444536926,0,1
780,16,144,0,6067.457101047397,0,1
781,0,141,0,33038.58290468543,0,1
782,9,188,0,15854.69230425702,0,1
783,14,243,0,6043.294624155496,0,0
784,10,254,0,15227.512276810632,0,0
785,12,109,0,5076.167123058274,0,0
786,4,230,0,43530.35882018188,1,0
787,0,176,0,28989.14797009725,0,1
788,11,177,0,6533.769582765267,0,0
789,10,205,0,9590.170671864706,0,0
790,16,155,0,20517.28757927294,1,0
791,3,234,0,22731.316690810847,0,0
792,14,251,0,15745.033552691046,0,1
793,8,253,0,21338.675141414555,0,1
794,19,87,0,1000.0,0,1
795,18,168,0,1000.0,0,0
796,18,83,0,17173.607578444917,1,0
797,11,141,0,30717.63101658754,1,0
798,4,60,0,18162.49746301604,0,1
799,9,202,1,12292.63512501264,0,1
800,16,190,0,25244.95898664476,1,0
801,4,158,0,25081.107814038245,0,1
802,15,140,0,2578.135031240072,0,0
803,6,195,0,22321.689975177775,0,1
804,8,129,0,16583.33830451211,0,1
805,2,126,0,18101.152894056955,0,0
806,14,119,0,6631.92726443399,0,1
807,15,169,0,24691.243041642512,1,0
808,17,150,1,12769.42854150306,1,0
809,13,160,0,5152.394383354458,0,0
810,2,206,0,20645.174174690386,0,0
811,11,228,0,34238.391253535534,1,0
812,8,252,0,42075.08543001929,1,0
813,6,183,0,16922.747121421864,0,0
814,8,197,0,36094.992971103675,1,0
815,12,189,0,27170.714386105723,1,0
816,17,96,1,5453.753452435449,0,1
817,4,161,0,27128.029870453545,0,1
818,12,161,0,5631.100451280707,0,0
819,3,154,0,17741.88301606762,0,0
820,1,177,0,20944.943191311722,0,0
821,15,169,0,27968.528975312052,1,0
822,8,130,0,12344.265353747198,0,0
823,8,172,1,6702.4827819470875,0,0
824,5,148,0,17583.539498730017,0,0
825,10,49,0,13305.689817741451,0,1
826,0,110,1,30057.57405016657,1,0
827,3,184,0,19492.701367171383,0,0
828,12,234,0,8183.822280005642,0,0
829,12,58,0,10040.114863198154,0,1
830,12,136,0,4068.9169878196676,0,0
831,1,201,0,22446.45160787503,0,0
832,8,223,0,15354.80588030833,0,0
833,7,158,0,11424.764244119699,0,0
834,6,145,0,16683.11938561897,0,0
835,3,240,0,24465.277087405044,0,0
836,17,219,0,2413.2445082926874,0,0
837,2,222,1,30432.42011126526,1,0
838,5,156,0,14228.489520239003,0,0
839,11,235,1,11479.723383383745,0,1
840,11,82,0,8412.956095377871,0,1
841,7,236,0,17947.895814343447,0,0
842,0,176,0,30015.124479436618,0,1
843,3,186,0,19033.750501289083,0,0
844,10,132,0,28365.18767334356,1,0
845,2,89,0,18381.815133590113,0,0
846,12,185,0,6288.092688107055,0,0
847,16,207,0,5465.913143279178,0,0
848,9,215,0,34817.36161253576,1,0
849,11,209,0,14863.701723444787,0,1
850,14,198,0,13545.347140540978,0,1
851,9,133,0,11122.02123563848,0,0
852,13,218,1,8789.282371500529,0,1
853,12,128,0,4772.962408348781,0,0
854,4,235,0,44019.38522266068,1,0
855,5,175,0,16828.97606563753,0,0
856,1,177,0,21737.586643298968,0,0
857,16,223,0,5443.537739945505,0,0
858,3,230,0,21593.137266082747,0,0
859,13,218,0,14115.231270048567,0,1
860,9,138,0,5737.633689323595,0,0
861,2,218,1,18142.390885742752,0,1
862,2,139,1,13740.727152492085,0,0
863,14,219,0,13709.966104154506,0,1
864,5,108,0,14946.368440081877,0,0
865,16,175,1,3114.4169920311865,0,0
866,11,138,1,9381.048131807525,0,1
867,19,223,0,1658.8920149078415,0,0
868,10,235,0,11895.407815995888,0,0
869,3,189,1,29714.019149798896,1,0
870,5,188,0,39321.25597030131,1,0
871,0,215,0,28908.125092467286,0,0
872,19,236,0,1000.0,0,0
873,15,181,1,7352.9504126243555,0,1
874,14,155,1,1000.0,0,0
875,16,212,0,2847.759725812379,0,0
876,7,87,0,9128.137125549694,0,0
877,11,225,0,18142.33780719589,0,1
878,9,144,1,14685.464029043189,0,1
879,14,167,0,7777.636328796548,0,0
880,8,225,1,11665.334864863305,0,0
881,1,159,0,19465.86386748738,0,0
882,4,212,1,18771.83193420797,0,1
883,5,236,0,20531.814156634806,0,0
884,6,185,0,14942.447140059834,0,0
885,0,195,0,31384.27850739668,0,1
886,6,174,0,14997.480301954049,0,0
887,19,185,1,4988.4471064974605,0,1
888,11,124,0,6509.577753316038,0,0
889,15,165,0,1000.0,0,0
890,15,115,0,1076.948573111774,0,0
891,10,135,1,13970.228266800348,0,1
892,3,79,0,34500.52946904994,1,0
893,12,193,0,29530.92068438805,1,0
894,6,264,0,18626.2697783249,0,0
895,3,157,0,27114.178019405874,0,1
896,14,228,0,3089.1338180205685,0,0
897,18,236,0,4247.26803326831,0,0
898,8,120,0,32677.56725505689,1,0
899,10,130,1,5789.241190862317,0,0
900,7,229,1,11986.391772747582,0,0
901,0,175,0,22708.442050984315,0,0
902,7,115,0,12049.950560192688,0,0
903,12,148,0,5390.73269955785,0,0
904,3,200,0,23970.67441657182,0,1
905,7,140,0,12239.728111931987,0,0
906,2,41,1,25172.89011653801,1,0
907,8,163,0,35547.374688850374,1,0
908,1,167,0,27406.491633399728,0,0
909,1,180,1,16303.37470340262,0,0
910,12,242,1,11332.48824945855,0,0
911,14,182,0,10200.156999653993,0,1
912,11,192,0,8222.58538608756,0,0
913,3,232,0,29445.79656054263,0,1
914,7,180,0,15065.417036492197,0,0
915,8,286,0,24167.25137727743,0,1
916,4,116,0,12160.956528600123,0,0
917,19,133,0,1000.0,0,0
918,17,210,1,14587.827459725573,1,0
919,10,242,0,22923.27631163778,0,1
920,14,169,0,5255.414881191865,0,0
921,8,129,0,31404.152722320763,1,0
922,16,268,0,6880.611936644018,0,0
923,11,140,0,28272.89725801583,1,0
924,6,196,1,16659.599988574926,0,1
925,9,245,0,14773.835335252212,0,0
926,9,157,0,9731.033304526985,0,0
927,12,148,0,7172.90720887666,0,0
928,18,152,0,2498.820128095429,0,1
929,10,225,0,20900.478473059367,0,1
930,12,233,0,10217.100639202326,0,0
931,7,181,0,11684.029454408012,0,0
932,7,274,0,40191.132417545734,1,0
934,14,244,0,14635.998336762283,0,1
935,10,158,1,6556.609230400517,0,0
936,10,296,1,8849.525156154172,0,0
937,0,258,1,21468.257211647906,0,0
938,16,173,0,25631.207912100515,1,0
939,14,251,0,10425.121466139226,0,0
940,19,249,0,2857.7595035099303,0,1
941,5,257,1,18649.839167775743,0,0
942,14,55,0,5900.745559847675,0,1
943,8,215,0,22373.078665381472,0,1
944,13,207,0,29215.560807425256,1,0
945,17,203,0,1000.0,0,0
946,16,190,0,2853.231671620874,0,0
947,17,192,0,4041.2297192111714,0,0
948,4,244,0,44299.86665958214,1,0
949,19,206,0,18874.404296602755,1,0
950,19,190,0,2093.3500035267916,0,1
951,8,236,0,22262.991042215184,0,1
952,10,200,1,11466.99351784917,0,1
953,0,205,0,26655.149587912776,0,0
954,17,273,0,29887.932534301235,1,0
955,5,158,0,16878.37440970567,0,0
956,1,104,0,18601.379693721337,0,0
957,14,183,0,11652.357693195676,0,1
958,13,190,0,6198.277923574218,0,0
959,4,216,0,17814.9066996741,0,0
960,5,185,0,26101.33001068431,0,1
961,5,217,1,10718.888808690144,0,0
962,17,305,0,15799.752185495907,0,1
963,13,220,0,7328.006590369267,0,0
964,9,228,0,15689.56109583574,0,0
965,13,173,1,1006.0137277592426,0,0
966,12,110,0,5135.381506622983,0,0
967,2,65,0,25216.26894138284,0,1
968,5,154,0,13263.413398691859,0,0
969,7,50,0,14930.675691609718,0,1
970,11,205,0,10707.923743309006,0,0
971,12,160,0,14042.68752900458,0,1
972,10,114,0,28314.686746096926,1,0
973,11,186,0,15574.488253807638,0,1
974,0,143,1,16011.525891835383,0,0
975,16,202,0,3145.7110907267684,0,0
976,15,215,0,3638.311375188589,0,0
977,10,144,0,13839.233039917133,0,1
978,12,168,0,8949.32885937993,0,0
979,17,190,0,1373.91151959101,0,0
980,10,109,0,9608.285146952952,0,1
981,11,190,0,11623.558288526132,0,0
982,5,108,0,19874.661390630255,0,1
983,8,208,0,14304.438574638398,0,0
984,15,158,0,2549.383196730899,0,0
985,3,108,0,20285.293131100974,0,1
986,2,151,0,19054.341615741436,0,0
987,15,153,0,11412.372918237961,0,1
988,11,233,0,13547.922988388778,0,0
989,10,188,0,9527.978152854912,0,0
990,4,132,1,28448.377249364625,1,0
991,17,262,0,13724.304106288328,0,1
992,18,211,0,9682.822075205057,0,1
993,5,163,0,14518.437959670264,0,0
994,17,102,0,6868.779884743915,0,1
995,5,158,0,15294.86343977345,0,0
996,3,168,0,19066.637376858333,0,0
997,11,198,0,31340.99352081775,1,0
998,18,210,1,1000.0,0,0
999,1,220,0,45650.903752838145,1,0
1000,16,99,0,1000.0,0,0
1001,10,190,1,8044.506915066833,0,0
1002,10,172,1,14316.057580287328,0,1
1003,15,313,0,34736.94003002891,1,0
1004,1,183,0,32743.85012052478,0,1
1005,1,148,1,32152.52842383384,1,0
1006,7,185,0,25526.44805254669,0,1
1007,12,179,0,13870.28824530031,0,1
1008,9,80,1,20143.10919178555,1,0
1009,7,200,0,14879.22731059544,0,0
1010,3,164,0,18604.488606508225,0,0
1011,14,178,0,1504.6115684735432,0,0
1012,0,136,0,44755.952963733536,1,0
1013,10,125,1,21788.683178675863,1,0
1014,6,223,0,16909.877151540502,0,0
1015,16,235,1,4861.852834834981,0,1
1016,19,200,0,21290.348374927293,1,0
1017,17,89,0,1000.0,0,0
1018,11,204,0,18107.41117851189,0,1
1019,8,90,0,31431.008454324092,1,0
1020,4,146,1,12220.016700775424,0,0
1021,9,223,0,18909.072555292078,0,1
1022,3,212,0,24114.815557204325,0,0
1023,4,202,0,42258.705079810214,1,0
1024,9,245,0,35140.42241645867,1,0
1025,10,208,0,34945.55614772977,1,0
1026,9,79,0,6932.347012200485,0,0
1027,7,161,0,39404.038465665886,1,0
1028,1,177,0,43804.890506980955,1,0
1029,7,172,0,11400.165653269069,0,0
1030,15,149,0,24450.36566867387,1,0
1031,4,128,0,17755.095594336883,0,0
1032,2,300,0,39368.65689406035,0,1
1033,11,160,0,14688.292278241632,0,0
1034,12,297,0,9952.558326295366,0,0
1035,12,122,0,3562.7919967999524,0,0
1036,9,212,1,11930.228243362993,0,1
1037,3,191,0,19593.40606069503,0,0
1038,8,133,0,22894.77322943312,0,1
1039,1,156,0,19960.759588009918,0,0
1040,18,179,0,1000.0,0,0
1041,0,137,0,28188.27733987927,0,1
1042,6,167,0,20279.605623640397,0,1
1043,16,61,0,1000.0,0,0
1044,2,215,0,27357.819104871756,0,1
1045,19,241,0,23092.687331181503,1,0
1046,19,202,0,6589.570765365875,0,1
1047,2,293,0,26889.34636487086,0,0
1048,2,214,0,22550.60429153394,0,0
1049,16,237,0,30039.209259450585,1,0
1050,6,241,0,14284.9237058961,0,0
1051,13,42,0,22309.39734571624,1,0
1052,16,201,0,10947.652055504346,0,1
1053,17,110,0,19757.789687860703,1,0
1054,12,120,1,6201.48687242895,0,1
1055,19,129,0,19603.53091471306,1,0
1056,19,164,0,1000.0,0,0
1057,17,212,0,7929.854338293327,0,1
1058,3,201,0,18747.043077984996,0,0
1059,0,179,0,21048.085128126357,0,0
1060,17,216,0,10338.116201015988,0,1
1061,0,219,0,48543.564078776384,1,0
1062,12,202,1,20631.38695654587,1,0
1063,19,93,0,4874.098549991474,0,1
1064,19,143,0,1000.0,0,0
1065,9,181,1,8273.179699816883,0,0
1066,10,216,0,18393.005815658882,0,1
1067,8,113,1,10682.748972773028,0,0
1068,8,179,0,8464.658929210005,0,0
1069,4,101,0,14063.473811032332,0,0
1070,0,231,1,19813.510976188132,0,0
1071,16,192,0,1772.5067792695052,0,0
1072,1,112,0,16786.830198659616,0,0
1073,12,112,0,3934.3452399244234,0,0
1074,8,199,0,10892.283148700251,0,0
1075,3,248,0,46991.707778643744,1,0
1076,4,125,0,14554.933017598372,0,0
1077,10,219,0,10589.015216093396,0,0
1078,18,152,0,6869.508565250339,0,1
1079,2,221,0,20847.22674949613,0,0
1080,11,214,1,19913.499926805613,1,0
1081,18,187,0,5210.216358289229,0,1
1082,18,88,0,1000.0,0,0
1083,12,214,0,6924.065412697809,0,0
1084,6,205,0,40610.00188151232,1,0
1085,14,200,0,29867.98188295651,1,0
1086,6,189,0,14483.65663981584,0,0
1087,7,136,1,11915.63426491044,0,1
1088,4,234,1,15191.77276612446,0,0
1089,13,224,0,31028.862925102912,1,0
1090,3,126,0,19989.935353755463,0,0
1091,9,245,1,24685.97639588515,1,0
1092,19,186,1,2819.438926762303,0,1
1093,14,186,0,17847.649746022584,0,1
1094,17,171,1,1464.0820228644593,0,1
1095,19,176,1,1000.0,0,0
1096,12,248,1,4625.41508940542,0,0
1097,7,231,1,13992.376125437426,0,0
1098,8,230,0,14449.881633419764,0,0
1099,15,189,0,10048.001739515916,0,1
1100,18,224,0,1000.0,0,0
1101,15,138,0,2748.0167158547856,0,0
1102,6,209,0,37300.622712626915,1,0
1103,13,172,1,18443.42701557952,1,0
1104,13,77,0,21298.341844767823,1,0
1105,3,100,0,32629.40401218453,1,0
1106,14,146,0,1939.996013436149,0,0
1107,2,200,0,22490.456993534266,0,0
1108,4,146,0,22632.8619996028,0,1
1109,0,150,0,29246.890719209856,0,1
1110,2,218,0,22713.103524322367,0,0
1111,14,152,0,24638.186276312194,1,0
1112,7,246,0,14855.028492868947,0,0
1113,3,238,0,20495.139040932423,0,0
1114,1,181,0,30197.2147128904,0,1
1115,9,217,0,17455.64185584125,0,1
1116,3,210,0,28394.20861959404,0,1
1117,2,167,0,24022.003376547706,0,0
1118,1,223,0,46950.12005004627,1,0
1119,16,230,0,1000.0,0,0
1120,19,132,1,1000.0,0,0
1121,12,187,0,31617.189689899154,1,0
1122,4,187,0,39699.38100062335,1,0
1123,8,222,0,36898.36736692324,1,0
1124,5,157,0,36791.082348911776,1,0
1125,4,150,0,23445.28590893117,0,1
1126,9,188,1,12225.432405815616,0,1
1127,7,239,0,17950.1603930933,0,0
1128,6,120,0,15711.565315701331,0,0
1129,6,128,0,13056.539307862406,0,0
1130,5,153,1,7827.995038512309,0,0
1131,19,162,0,9194.1608714502,0,1
1132,2,91,0,17622.208219860095,0,0
1133,18,254,0,4285.073208372483,0,0
1134,14,173,0,4325.5456997465335,0,0
1135,3,165,1,19237.88045845782,0,1
1136,11,261,0,11707.782284377037,0,0
1137,5,215,0,42942.66736275573,1,0
1138,18,153,1,1000.0,0,0
1139,3,188,1,15350.282858018205,0,0
1140,14,177,0,13108.752877847252,0,1
1141,8,252,1,29771.514503970917,1,0
1142,4,171,0,20453.971261048573,0,0
1143,12,107,0,8453.856651936552,0,1
1144,17,86,1,5474.760262375117,0,1
1145,4,253,0,23477.991844060172,0,0
1146,15,140,0,24162.6246273326,1,0
1147,18,213,0,8680.732730239213,0,1
1148,13,183,0,13331.046079963235,0,1
1149,15,159,0,23256.927965836516,1,0
1150,14,167,0,25324.58053331011,1,0
1151,3,259,0,33821.48787213431,0,1
1152,6,107,0,34281.021336684425,1,0
1153,15,160,0,10080.399950466866,0,1
1154,7,225,1,16933.521976218413,0,1
1155,16,115,0,4014.6244475520352,0,1
1156,15,245,0,9382.424125093887,0,1
1157,9,224,0,15383.853074103463,0,0
1158,9,193,0,36088.122620343674,1,0
1159,1,154,1,30633.7705515892,1,0
1160,8,109,0,7669.024150704803,0,0
1161,16,215,0,29649.88512698397,1,0
1163,9,187,0,12288.302383284623,0,0
1164,16,88,0,3408.0641520797576,0,1
1165,3,202,1,12009.052990848246,0,0
1166,15,223,0,28534.314946647464,1,0
1167,19,134,0,14355.095664764216,1,0
1168,14,147,0,10684.172757383523,0,1
1169,4,142,0,16981.113927290076,0,0
1170,5,153,0,13450.880277809674,0,0
1171,16,171,0,5998.088446203994,0,1
1172,0,136,0,42733.486380717164,1,0
1173,18,118,0,1863.8437186066392,0,1
1174,3,188,0,17015.08249994096,0,0
1175,16,170,0,6652.4944593536875,0,1
1176,8,158,0,19429.37738418865,0,1
1177,1,184,0,34229.76853709783,0,1
1178,7,103,1,9429.317193597844,0,0
1179,14,193,1,9223.958264219726,0,1
1180,6,159,0,24361.157911560877,0,1
1181,5,191,0,42403.13555262447,1,0
1182,0,199,0,24285.889417807743,0,0
1183,14,236,0,15427.799368594926,0,1
1184,6,185,1,28631.39221182638,1,0
1185,16,233,0,6523.214033723085,0,0
1186,1,163,0,46461.84579582378,1,0
1187,8,166,0,17638.43663621208,0,1
1188,8,175,0,14841.190458973018,0,0
1189,12,218,0,12398.348529209765,0,0
1190,5,211,1,21288.201297175154,0,1
1191,5,186,0,15265.079989001006,0,0
1192,19,118,0,1000.0,0,1
1193,19,210,0,1000.0,0,0
1194,2,136,1,21512.12858448002,0,1
1195,16,134,0,1000.0,0,0
1196,16,123,0,20662.980365755244,1,0
1197,11,175,0,30584.079973389118,1,0
1198,15,240,1,21994.925659151388,1,0
1199,14,131,1,5629.86956616802,0,1
1200,12,263,0,12139.239242443566,0,0
1201,0,225,0,33489.27379737078,0,1
1202,16,106,0,1000.0,0,0
1203,2,160,0,18440.530050022222,0,0
1204,14,127,0,2762.454033367394,0,0
1205,3,213,0,16234.06764900176,0,0
1206,3,130,0,25915.432278857752,0,1
1207,17,98,0,3252.2433249474952,0,1
1208,16,163,0,2727.65942455399,0,0
1209,18,238,0,3414.853581657401,0,0
1210,10,170,0,31819.9477194782,1,0
1211,19,199,0,1000.0,0,0
1212,2,201,0,20544.80882340965,0,0
1213,7,104,0,9095.847119376562,0,0
1214,13,135,1,9667.5850095762,0,1
1215,0,180,0,35037.410246310086,0,1
1216,13,152,0,4938.244090055512,0,0
1217,1,265,0,25469.05034323488,0,0
1218,3,118,0,23033.290984515264,0,1
1219,18,134,0,3060.772732487345,0,1
1220,5,194,0,19461.427594774417,0,0
1221,0,148,0,43982.82806442429,1,0
1223,7,276,0,22338.254068211416,0,0
1224,18,126,0,17488.30874655458,1,0
1225,0,208,0,26369.197778050933,0,0
1226,4,117,0,24479.59500255835,0,1
1227,15,136,1,1000.0,0,0
1228,5,98,0,16597.104200003712,0,0
1229,7,142,0,38149.36412775939,1,0
1230,12,147,0,5884.587487998239,0,0
1231,15,173,1,15912.290088193928,1,0
1232,2,161,0,18380.755536196863,0,0
1233,18,107,0,1000.0,0,0
1234,11,153,0,4917.45323367285,0,0
1235,15,252,0,14657.063197674817,0,1
1236,10,246,1,12774.19686349095,0,0
1237,9,202,0,35002.29048567294,1,0
1238,19,213,1,1000.0,0,0
1239,3,283,0,49310.35629433449,1,0
1240,11,208,0,11111.705201150213,0,0
1241,1,212,0,44396.715816164695,1,0
1242,18,101,0,1268.3075730193484,0,1
1243,4,124,1,19897.45350003163,0,1
1244,7,178,0,37022.62458744458,1,0
1245,6,139,0,18543.656016746172,0,1
1246,13,130,1,7288.116161623473,0,1
1247,2,135,0,15232.393222357674,0,0
1248,17,108,0,1000.0,0,0
1249,15,140,0,25459.782416386246,1,0
1250,18,196,0,6939.535355221992,0,1
1251,18,269,0,11854.454522827315,0,1
1252,17,219,0,4385.0083902566,0,0
1253,19,211,0,1000.0,0,0
1254,15,98,0,1000.0,0,0
1255,7,185,0,22202.73800474602,0,1
1256,0,176,1,19056.206649705153,0,0
1257,16,194,0,5782.03635462419,0,0
1258,11,161,0,8162.403817633615,0,0
1259,10,263,0,14258.955473124735,0,0
1260,4,182,0,26331.1981780858,0,1
1261,11,187,0,8842.041061342094,0,0
1262,16,81,0,3713.1939636435754,0,1
1263,5,174,1,13708.073576607025,0,0
1264,0,237,0,25823.698540648784,0,0
1265,4,207,0,18689.91956329394,0,0
1266,13,72,0,1805.4707090737563,0,0
1267,4,157,0,18807.894014652713,0,0
1268,0,266,0,32966.943071793845,0,0
1269,17,172,1,7514.503684408841,0,1
1270,15,196,0,5578.188912164871,0,0
1271,8,260,1,19131.54960437906,0,1
1272,18,172,0,20845.092614153196,1,0
1273,4,219,0,28795.174735481025,0,1
1274,1,200,0,24743.561984829263,0,0
1275,14,211,0,4643.365736795584,0,0
1276,6,198,0,15769.205841621879,0,0
1277,3,152,0,20179.81791192059,0,0
1278,0,157,0,45312.98144097153,1,0
1279,12,137,0,6014.361395430775,0,0
1280,19,98,0,1000.0,0,0
1281,6,242,1,19734.32784347908,0,1
1282,14,180,0,15854.162893031964,0,1
1283,13,239,0,15224.07423333113,0,1
1284,18,258,0,5829.502644695123,0,0
1285,19,182,0,1000.0,0,0
1286,17,114,0,6237.341878522743,0,1
1287,9,170,0,12508.467931607262,0,0
1288,8,146,0,12355.615572411301,0,0
1289,7,80,0,7448.009501499573,0,0
1290,9,154,0,12079.16572665379,0,0
1291,16,176,0,1000.0,0,0
1292,1,147,0,25075.48585794375,0,0
1293,5,141,0,23512.626440699478,0,1
1294,4,116,0,25219.78788771044,0,1
1295,8,189,0,37171.98262024647,1,0
1296,4,273,0,23049.992561420317,0,0
1298,19,212,0,1000.0,0,0
1299,8,213,0,23360.582084155183,0,1
1300,16,173,0,10108.193224293824,0,1
1301,16,89,0,1000.0,0,0
1302,11,161,0,29814.266877453723,1,0
1303,6,131,0,14087.268487036508,0,0
1304,2,187,0,28270.081316592157,0,1
1305,9,241,0,20870.71369865894,0,1
1306,1,278,1,34094.496786071446,1,0
1307,2,183,0,28150.658353055056,0,1
1308,15,96,0,24868.30070065258,1,0
1309,1,183,0,19686.657796031628,0,0
1310,9,184,0,34400.42134213668,1,0
1311,5,213,0,19784.525520990137,0,0
1312,10,179,0,36972.0754540466,1,0
1313,6,183,0,22142.163883167053,0,1
1314,14,148,1,15243.501221652697,1,0
1315,5,164,1,12541.586385918448,0,0
1316,19,205,0,6403.022172744268,0,1
1317,8,79,1,10095.597494916816,0,1
1318,19,164,0,5328.648344048365,0,1
1319,11,214,0,11889.105095952496,0,0
1320,18,262,0,4161.3372534570735,0,0
1321,19,160,0,1000.0,0,0
1322,2,239,0,26939.415769488747,0,0
1323,14,264,1,22161.937477548636,1,0
1324,1,160,0,21666.71299202827,0,0
1325,1,152,0,44953.13747074221,1,0
1326,2,170,1,11814.851383674399,0,0
1327,5,175,0,17716.281801342768,0,0
1328,14,234,0,13746.571596622678,0,1
1329,9,141,0,14660.30879125165,0,1
1330,8,256,0,18103.668180002154,0,0
1331,0,139,0,28533.45498541242,0,1
1332,15,116,0,4079.8856338916976,0,1
1333,5,206,0,16711.037041656233,0,0
1334,8,241,1,30304.749809432615,1,0
1335,3,188,1,28835.452712105984,1,0
1336,1,201,0,31651.576520288887,0,1
1337,3,277,0,22740.16587847216,0,0
1338,0,242,0,38801.85719450354,0,1
1339,18,181,1,1000.0,0,0
1340,9,158,0,8793.217603170515,0,0
1341,14,234,0,8579.712429828494,0,0
1342,18,221,0,4529.371934569679,0,0
1343,15,200,1,17864.029685107125,1,0
1344,3,163,0,25541.904125620167,0,1
1345,1,176,0,34550.803401290854,0,1
1346,12,172,0,6951.798127055733,0,0
1347,0,164,0,22043.150965119698,0,0
1348,16,149,0,1000.0,0,0
1349,12,193,0,30141.7140703019,1,0
1350,3,147,0,15204.59179757314,0,0
1351,6,188,0,37294.65818364415,1,0
1352,16,75,0,1000.0,0,1
1353,8,150,0,13820.91727577041,0,0
1354,3,234,0,27275.498934258176,0,1
1355,18,134,0,1000.0,0,0
1356,0,209,0,45946.06418531375,1,0
1357,9,139,0,34392.12249437153,1,0
1358,3,218,0,21031.636048282377,0,0
1359,8,165,0,11317.156066207961,0,0
1360,12,163,0,14629.585414586512,0,1
1361,13,182,1,19529.205269168502,1,0
1362,9,112,0,10251.018544332434,0,0
1363,5,228,0,26398.71501152621,0,1
1364,15,245,0,13451.90984449857,0,1
1365,5,161,0,27875.53654978392,0,1
1366,16,206,1,2296.096242775365,0,0
1367,9,218,0,21543.36262033295,0,1
1368,17,175,0,21740.161132581372,1,0
1369,17,124,0,1000.0,0,0
1370,2,259,0,26479.319712516735,0,0
1371,19,160,0,22006.91637813407,1,0
1372,14,149,1,4580.602408814279,0,0
1373,14,261,1,20463.748040726296,1,0
1374,3,210,0,20321.490483746154,0,0
1375,8,192,0,13909.806170006335,0,0
1376,18,131,0,19332.445963245093,1,0
1377,16,220,0,5110.619782302702,0,0
1379,8,224,0,13947.85986489423,0,0
1380,9,204,1,14446.364572827712,0,1
1381,17,216,0,3527.4672827303884,0,0
1382,19,163,0,2341.369124168771,0,0
1383,12,163,1,19344.1843300849,1,0
1384,7,162,0,13902.038801352774,0,0
1385,6,151,0,20704.012201674388,0,1
1386,16,162,0,1523.4782599440096,0,0
1387,14,162,0,13227.08437533944,0,1
1388,19,167,0,1000.0,0,0
1389,14,166,0,22180.3136350676,1,0
1390,0,192,0,26657.14744670173,0,0
1391,13,183,0,6324.32443850313,0,0
1392,4,188,1,12315.472979108574,0,0
1393,10,256,0,12605.299339652163,0,0
1394,15,183,0,11401.31981317686,0,1
1395,1,290,0,26815.215879404663,0,0
1396,7,197,0,36424.8999643415,1,0
1397,10,157,0,6371.366278772528,0,0
1398,17,247,0,2202.820323671849,0,0
1399,2,176,0,29541.665601912548,0,1
1400,0,60,0,22688.400281006107,0,1
1401,10,179,0,12197.520267514245,0,0
1402,15,167,0,1000.0,0,0
1403,17,260,0,4030.708769645,0,0
1404,15,135,0,9527.640436752377,0,1
1405,9,163,0,20094.010935298327,0,1
1406,17,243,0,5087.135385621265,0,0
1407,5,199,0,40086.16414282496,1,0
1408,18,171,1,14186.09910190563,1,0
1409,3,142,0,26329.543737305496,0,1
1410,12,197,0,31204.14556810189,1,0
1411,13,178,0,5497.5338619024105,0,0
1412,2,141,1,14456.131919910886,0,0
1413,9,144,0,9124.560782203354,0,0
1414,5,139,0,13483.490781288256,0,0
1415,0,130,0,28243.318959096006,0,1
1416,13,226,0,31220.173280371553,1,0
1417,7,219,0,14177.66664192755,0,0
1418,18,226,1,2994.995254160885,0,0
1419,13,180,0,4842.158616735052,0,0
1420,9,167,0,28332.425382980797,1,0
1421,16,168,0,1880.833025957164,0,0
1422,8,231,1,10506.185122293151,0,1
1423,5,88,0,10559.012497996147,0,0
1424,10,154,0,13141.367539117382,0,0
1425,6,135,0,37962.39844931926,1,0
1426,16,247,1,21117.423462123654,1,0
1427,0,156,1,13709.5760373006,0,0
1428,4,98,0,36618.12662402907,1,0
1429,8,191,0,23252.929657275243,0,1
1430,17,161,0,22855.040507866077,1,0
1431,1,152,1,17188.995186731598,0,0
1432,10,146,0,19304.551097242213,0,1
1433,5,145,0,16555.594895305567,0,0
1434,7,215,0,20759.849403430548,0,1
1435,3,191,1,15494.07847763224,0,0
1436,17,170,0,1000.0,0,0
1437,10,125,0,4558.98798447491,0,0
1438,4,171,1,19660.38977691409,0,1
1439,14,193,0,7660.484331867208,0,0
1440,17,194,0,8377.852422662616,0,1
1441,1,188,1,32419.344048128434,1,0
1442,10,133,1,1250.8424191955182,0,0
1443,12,59,1,8346.049371949694,0,1
1444,3,269,0,25685.485787701993,0,0
1445,6,114,0,35045.574947482855,1,0
1446,10,81,1,1000.0,0,0
1447,3,186,0,24464.37640705132,0,1
1448,14,94,1,19711.670343932943,1,0
1449,0,139,1,28750.98693405556,1,0
1450,2,207,0,30286.85073467263,0,1
1451,13,268,1,5215.444608340739,0,0
1452,5,199,0,20942.622851983073,0,1
1453,17,158,0,22761.953295442752,1,0
1454,0,177,0,32347.157823566322,0,1
1455,5,89,0,9129.621266316743,0,0
1456,5,157,0,40603.99789639493,1,0
1457,15,157,0,8124.9606839030375,0,1
1458,4,187,0,23889.948421953894,0,1
1459,16,277,1,2323.7849113200327,0,0
1460,9,83,1,11678.421153065796,0,1
1461,17,159,0,1000.0,0,0
1462,6,88,0,15487.277369515576,0,1
1463,2,154,0,20393.91278563043,0,0
1464,12,136,1,9223.623009104103,0,1
1465,14,105,0,21199.889494844872,1,0
1466,19,225,0,2286.9136873583493,0,0
1467,18,192,1,13040.265486376127,1,0
1468,2,219,0,22180.622700380543,0,0
1469,3,153,1,27932.588726280315,1,0
1470,4,176,1,17226.82587275896,0,1
1471,0,259,1,24424.33858427204,0,1
1472,3,179,0,26735.208258434985,0,1
1473,11,220,0,32973.437031110676,1,0
1474,9,149,1,6616.369795406523,0,0
1475,19,215,0,1308.9927681887957,0,0
1476,12,152,0,12910.69820299766,0,1
1477,13,85,0,25092.882035863462,1,0
1478,4,179,0,26304.206908091146,0,1
1479,3,156,0,26885.22304153956,0,1
1480,13,98,0,3319.499575443144,0,0
1481,9,189,0,32064.387877606656,1,0
1482,16,135,0,1000.0,0,0
1484,6,106,0,10490.388162736268,0,0
1485,15,119,0,1440.316761482045,0,0
1486,0,223,0,25281.455636321592,0,0
1487,16,173,0,2038.537117169626,0,0
1488,8,222,0,17151.555415141567,0,1
1489,5,199,0,19439.59258568355,0,0
1490,18,150,0,2888.5612450334293,0,0
1491,12,111,0,3682.990900834959,0,0
1492,2,233,0,23225.87522881033,0,0
1493,6,115,0,11603.435079174687,0,0
1494,8,207,0,14776.019662613737,0,0
1495,4,225,1,19117.86603540936,0,1
1496,9,173,0,19834.098622963895,0,1
1497,16,164,1,9021.134342454949,0,1
1498,11,130,0,7246.547053629499,0,0
1499,15,203,0,4081.502276125199,0,0
1501,8,215,0,21259.231601534393,0,1
1502,14,185,0,4514.345041050373,0,0
1503,4,168,0,14951.273148738637,0,0
1504,12,192,0,10187.116144678159,0,0
1505,13,111,0,3171.521788093175,0,0
1506,19,59,0,1000.0,0,0
1507,14,203,0,9200.558428794813,0,1
1508,15,245,1,11209.192009576938,0,1
1509,12,93,0,7159.187784700562,0,1
1510,16,127,0,6393.368607162149,0,1
1511,7,217,0,37551.81276506992,1,0
1512,1,197,0,32621.669626066378,0,1
1514,5,233,0,18116.035346878325,0,0
1515,11,221,0,12468.793909383163,0,0
1516,17,141,1,1000.0,0,0
1517,0,206,0,32837.92787633171,0,1
1518,16,254,1,19362.969012278376,1,0
1519,10,171,1,11217.27969727626,0,0
1520,9,174,1,23079.72347326985,1,0
1521,18,187,0,1000.0,0,0
1522,13,146,0,25092.570369565594,1,0
1523,9,193,0,13703.644493884423,0,0
1524,14,192,0,4734.559023171511,0,0
1525,18,253,0,2594.1394613458265,0,0
1526,3,170,0,18053.116988312242,0,0
1527,1,213,0,18394.543643243793,0,0
1528,8,172,0,10981.58967931149,0,0
1529,9,211,0,35406.805639522696,1,0
1530,10,167,0,13543.322812633654,0,1
1531,13,208,0,5229.08602463846,0,0
1532,6,216,0,24194.59464514963,0,1
1533,14,126,0,8106.100290311046,0,1
1534,18,235,0,1904.4355828625673,0,0
1535,14,171,0,3244.309825662351,0,0
1536,7,156,0,13865.935657230353,0,0
1537,10,144,0,7162.288262133085,0,0
1538,8,194,0,21161.37025346267,0,1
1539,14,179,0,7180.426095667618,0,0
1540,0,198,0,32977.933401933806,0,1
1541,0,199,0,31979.968341255088,0,1
1542,18,210,0,1000.0,0,0
1544,9,181,1,7537.14518893104,0,0
1545,7,143,0,36278.9527407938,1,0
1546,14,79,1,1000.0,0,0
1547,9,120,0,30695.547782958223,1,0
1548,0,241,0,35226.46201675173,0,1
1549,17,215,0,2508.270277599918,0,0
1550,1,112,0,26075.774080109222,0,1
1551,18,303,0,26536.13931348947,1,0
1552,12,196,0,13027.067502887316,0,1
1553,0,203,0,48216.92170560282,1,0
1554,1,292,0,51584.33168911772,1,0
1555,15,266,0,4640.277369434326,0,0
1556,14,219,1,6162.868518982883,0,0
1557,12,221,0,15064.832879990388,0,1
1558,15,226,0,4522.170426802,0,0
1559,16,167,0,27085.733084618187,1,0
1560,6,194,0,41712.497275134134,1,0
1561,16,208,1,1000.0,0,0
1562,6,173,1,8139.304147632534,0,0
1563,12,131,0,9961.918391710798,0,1
1564,4,166,0,21028.0856515481,0,0
1565,16,130,0,20773.36763018469,1,0
1566,2,183,0,18048.717543915704,0,0
1567,6,90,1,15579.253706891746,0,1
1568,16,197,0,3713.9538411901226,0,0
1569,6,98,0,23555.89747334327,0,1
1570,0,159,0,24133.862808796435,0,0
1571,16,205,0,10010.900747104093,0,1
1572,16,219,1,2924.872184029772,0,0
1573,10,213,0,18319.95740639879,0,1
1574,2,195,0,47379.90895300934,1,0
1575,14,124,0,4240.602016552191,0,0
1576,10,229,0,9896.81093955219,0,0
1577,15,125,0,2076.867747772922,0,0
1578,8,234,1,13722.8059466686,0,1
1579,0,211,0,37861.33266854122,0,1
1580,15,247,0,16582.504345978083,0,1
1581,8,181,0,10881.240257682553,0,0
1582,18,139,0,1000.0,0,0
1583,11,115,1,10789.147813720563,0,1
1584,18,120,0,1000.0,0,0
1585,8,98,0,28616.912694044084,1,0
1586,6,227,0,18344.70318227894,0,0
1587,13,233,0,15648.998683908296,0,1
1588,18,207,0,1000.0,0,0
1589,18,178,0,1501.0642301536523,0,0
1590,1,283,0,32669.48828754004,0,1
1591,8,175,0,19650.714935098164,0,1
1592,12,191,0,30381.315370843626,1,0
1593,14,177,1,3464.978411343864,0,0
1594,2,163,0,22965.744802794958,0,0
1595,10,211,0,18286.98289686845,0,1
1596,13,148,0,6476.355268833299,0,1
1597,7,144,0,11897.844343254012,0,0
1598,17,214,0,3357.368585146387,0,0
1599,18,155,0,1000.0,0,0
1600,15,186,0,25381.92740657288,1,0
1601,1,162,0,22784.354009786482,0,0
1602,7,179,0,15783.615635522267,0,0
1603,5,146,0,11799.745527941595,0,0
1604,11,147,0,7089.498043011526,0,0
1605,14,139,0,2120.467512413655,0,0
1606,7,222,0,24515.496981138465,0,1
1607,3,188,0,16678.528502622576,0,0
1608,14,225,1,23091.3678291092,1,0
1609,19,231,1,1000.0,0,0
1610,16,157,0,8556.490139639447,0,1
1611,12,224,0,35589.91417268329,1,0
1612,17,179,0,8651.050924713818,0,1
1613,1,172,0,26740.246173025742,0,1
1614,12,242,1,7071.592860111916,0,0
1615,12,207,0,9876.910169073662,0,0
1616,14,162,0,11214.839330420962,0,1
1617,19,204,0,24370.837568844086,1,0
1618,9,116,0,13413.02043914139,0,1
1619,2,192,0,31996.606017686372,0,1
1620,18,105,0,4130.177475376513,0,1
1621,2,130,0,18870.151810138577,0,0
1622,13,209,0,7650.899871009927,0,0
1623,7,46,0,12993.87294816836,0,1
1624,3,270,0,46367.09972745605,1,0
1625,19,221,0,1000.0,0,0
1626,10,88,0,12449.143312546725,0,1
1627,10,299,1,11475.142767729754,0,0
1628,10,313,0,25838.951471774548,0,1
1629,1,170,0,18147.214260617202,0,0
1630,16,133,0,1000.0,0,0
1631,8,264,0,28381.140787056727,0,1
1632,1,162,0,20777.435915302318,0,0
1633,14,188,0,9407.250434767166,0,1
1634,15,240,1,8746.204885491486,0,1
1635,3,172,0,39051.311485599916,1,0
1636,7,167,1,9952.47465913738,0,0
1637,8,116,1,6490.897038501546,0,0
1638,4,148,1,12490.427066480877,0,0
1639,15,166,0,24312.72924480941,1,0
1640,12,118,0,26514.11074211975,1,0
1641,6,122,0,21018.406378623557,0,1
1642,19,181,0,17635.951489387713,1,0
1643,16,87,0,5032.169093716876,0,1
1644,2,136,0,29102.089253640734,0,1
1645,4,277,0,21286.646287079733,0,0
1646,18,162,1,4311.7613350360625,0,1
1647,11,156,0,9813.206148090332,0,0
1648,6,162,0,35108.77089295298,1,0
1650,5,208,0,25791.43891914027,0,1
1651,16,205,0,5037.283695487638,0,0
1652,15,160,1,1000.0,0,0
1653,2,169,0,20414.13077640779,0,0
1654,3,245,0,20080.566908301786,0,0
1655,9,104,1,5896.063971488529,0,0
1656,4,177,0,41975.020976552194,1,0
1657,9,186,0,20332.876764036628,0,1
1658,11,141,1,5590.056049887362,0,0
1659,9,174,0,11619.91110540896,0,0
1660,12,134,0,1984.1563256541863,0,0
1661,10,211,0,21315.280135632358,0,1
1662,15,113,0,7348.565746238676,0,1
1663,7,233,1,28379.608248166853,1,0
1664,7,176,0,14085.98317714879,0,0
1665,7,157,0,39669.51069181041,1,0
1666,12,129,1,18185.102126871014,1,0
1667,1,231,1,16371.115934794383,0,0
1668,11,147,1,17473.451513427048,1,0
1669,9,121,0,8762.964192343497,0,0
1670,11,232,0,37167.70283811237,1,0
1671,10,134,0,8024.115993330891,0,0
1672,14,175,0,27110.000894990008,1,0
1673,15,220,0,29672.928400538327,1,0
1674,16,187,0,25350.011732452534,1,0
1675,1,266,0,36834.91413429458,0,1
1676,17,138,1,1413.7758457360767,0,0
1677,11,169,0,6436.538841553422,0,0
1678,18,173,0,1000.0,0,0
1679,17,211,0,3232.4596518216968,0,0
1680,16,244,0,12909.847043066367,0,1
1681,5,183,0,14831.52508432223,0,0
1682,14,173,0,25064.73525366489,1,0
1683,2,105,0,23170.487117324057,0,1
1684,5,185,0,40242.265703962374,1,0
1685,2,147,0,21301.01154254941,0,0
1686,0,210,0,50106.74627820114,1,0
1687,12,159,0,30183.242118817067,1,0
1688,13,167,0,4705.244340411958,0,0
1689,12,106,0,15475.727013391412,0,1
1690,3,89,0,22763.550416576723,0,1
1691,6,273,0,19324.06792709675,0,0
1692,9,186,0,16452.52771498259,0,1
1693,6,200,1,11359.99673942752,0,0
1694,14,134,0,2996.78400608499,0,0
1695,14,223,1,1155.2013642456436,0,0
1696,3,214,0,19612.995429911545,0,0
1697,5,139,0,13640.697087274193,0,0
1698,19,127,0,1000.0,0,0
1699,4,143,0,37727.251355621534,1,0
1700,19,178,0,7157.466933976218,0,1
1701,11,188,0,28338.249383839528,1,0
1702,0,181,0,24400.739753694645,0,0
1703,7,244,0,18734.486730123343,0,0
1704,0,144,1,19821.822616268022,0,1
1705,4,125,1,10558.547333030645,0,0
1706,5,180,0,16596.940616141703,0,0
1707,2,95,0,26021.171813138586,0,1
1708,14,214,1,7288.390313683682,0,0
1709,4,184,0,23428.250412241396,0,1
1710,13,163,0,10423.735568907558,0,1
1711,17,160,1,1000.0,0,0
1712,15,225,0,5169.666582751054,0,0
1713,5,223,0,25762.119338120938,0,1
1714,13,167,0,6894.9398934952615,0,0
1715,7,209,0,14418.941602166657,0,0
1716,6,223,1,26404.21585461767,1,0
1717,7,196,0,13452.580461644353,0,0
1718,12,169,1,10123.718308174773,0,1
1719,5,199,1,30166.280004821794,1,0
1720,17,128,0,1000.0,0,0
1721,1,183,0,21782.533993847494,0,0
1722,7,168,0,11442.632924149217,0,0
1723,10,160,0,11597.941841909338,0,0
1724,0,93,0,16128.070146636566,0,0
1725,5,128,0,21460.820868811556,0,1
1726,15,155,0,3649.544579294524,0,0
1727,19,224,0,6153.887204953469,0,1
1728,11,194,0,30536.84347821655,1,0
1729,10,226,1,25363.574765093937,1,0
1730,9,242,0,20280.77980027905,0,1
1731,2,196,1,12006.705251146826,0,0
1732,12,187,0,15881.277604406147,0,1
1733,2,131,0,23818.020914692424,0,1
1734,14,279,0,9431.137228547339,0,0
1735,15,109,0,1000.0,0,0
1736,12,185,0,30354.715225407046,1,0
1737,16,221,0,3571.5661946606233,0,0
1738,2,222,0,24810.37061510831,0,0
1739,19,122,0,1000.0,0,0
1740,10,159,0,10326.284502156126,0,0
1741,18,140,0,16750.06471697113,1,0
1742,10,80,0,14375.352319524553,0,1
1743,15,186,0,14811.104247926953,0,1
1744,2,144,1,13766.45633552964,0,0
1745,5,255,1,17876.14888822081,0,0
1746,13,210,1,8616.734531354172,0,0
1747,17,182,0,1000.0,0,0
1748,16,156,0,1000.0,0,0
1749,3,185,0,25704.065500553115,0,1
1750,14,167,0,1553.3349103635464,0,0
1751,10,183,1,12752.607665696174,0,1
1752,2,275,0,22448.30238571378,0,0
1753,2,126,0,20238.859364802367,0,0
1754,15,171,0,2895.3894313877477,0,0
1755,4,215,1,31401.68215045645,1,0
1756,9,159,0,32847.86473887536,1,0
1757,18,259,0,26547.679467048336,1,0
1758,3,213,0,21957.58615896798,0,0
1759,18,144,0,1000.0,0,0
1760,10,190,1,14560.702489290878,0,1
1761,1,144,0,18261.98471454887,0,0
1762,9,140,0,30767.13112309182,1,0
1763,10,172,1,11287.230294644067,0,0
1764,19,243,0,1230.0674234494536,0,0
1765,15,217,0,1352.4416395328021,0,0
1766,18,178,0,1000.0,0,0
1767,10,219,0,19586.646291783793,0,1
1768,13,193,0,5994.484055305284,0,0
1769,1,121,0,18077.326059382485,0,0
1770,4,172,1,15931.828934330078,0,0
1771,4,176,0,17112.441256675404,0,0
1772,18,218,1,7325.233771298872,0,1
1773,11,151,0,30650.50321601643,1,0
1774,17,134,0,19599.2525722855,1,0
1775,3,177,1,16682.059393503932,0,1
1776,16,147,0,1590.0888979481344,0,0
1777,9,163,0,13059.433453510796,0,1
1778,19,175,0,1000.0,0,0
1779,5,160,0,15812.183814944445,0,0
1780,13,228,0,32288.563233334145,1,0
1781,10,250,0,13847.383610383507,0,0
1782,10,223,0,32471.056603499135,1,0
1783,17,91,0,1000.0,0,0
1784,17,147,1,5654.869686479505,0,1
1785,10,171,1,11085.831063327427,0,1
1786,11,87,0,27915.335140969655,1,0
1787,4,136,1,17110.077178306394,0,1
1788,8,170,0,20490.31543847297,0,1
1789,8,157,0,10490.128502046322,0,0
1790,9,180,0,21204.396672850806,0,1
1791,18,110,0,1000.0,0,0
1792,0,156,0,31963.419516703074,0,1
1793,6,187,0,22319.134141137558,0,1
1794,3,180,0,29318.69253658652,0,1
1795,0,202,0,24256.115428625097,0,0
1796,14,199,1,2219.4209372807536,0,0
1797,7,159,0,24200.96281739958,0,1
1798,11,186,0,4238.2601411080495,0,0
1799,17,140,0,4164.910393871734,0,0
1800,14,166,0,5203.799893624721,0,0
1801,16,127,0,20510.02549066197,1,0
1802,13,233,0,16595.95988372891,0,1
1803,13,166,0,6945.407328715547,0,0
1804,17,233,1,1187.2063698991988,0,0
1805,19,195,0,1743.9180523123637,0,0
1806,17,135,1,6739.016050592072,0,1
1807,15,192,1,13182.957275721892,0,1
1808,0,220,0,23557.11742740678,0,0
1809,10,176,0,10291.222858903875,0,0
1810,14,183,0,1650.2577299607065,0,0
1811,11,152,0,12234.107806904038,0,1
1812,7,181,0,20985.964995731636,0,1
1813,19,191,0,1000.0,0,0
1814,5,151,0,16265.189821915907,0,0
1815,2,126,1,12924.9804789352,0,0
1816,12,244,0,34773.21297271754,1,0
1817,12,210,1,6511.788030427833,0,0
1818,1,152,0,31743.290804131757,0,1
1819,4,190,1,20425.412832214275,0,1
1820,16,106,0,1000.0,0,0
1821,5,81,0,11802.322462801043,0,0
1822,1,234,0,25331.861331625296,0,0
1823,3,191,0,29082.402751153964,0,1
1824,10,177,0,19693.959233070516,0,1
1825,7,191,0,23053.545497762978,0,1
1827,7,223,0,13874.279689721287,0,0
1828,10,127,0,28860.860028545558,1,0
1829,19,95,0,1000.0,0,1
1830,7,232,0,18201.540791097374,0,0
1831,7,222,1,28895.334131571475,1,0
1832,16,208,0,7731.76869392387,0,1
1833,19,139,0,3350.9067370305797,0,1
1834,19,198,1,4056.688277086324,0,1
1835,15,143,0,27057.635251339947,1,0
1836,13,213,0,13077.492551893014,0,1
1837,10,229,0,14786.29754741915,0,0
1838,6,152,0,16147.642502951701,0,0
1839,15,236,0,28222.379184473466,1,0
1840,12,185,0,8140.689542752455,0,0
1841,14,204,0,7459.596161440837,0,0
1842,15,114,0,1000.0,0,0
1843,8,191,0,12221.676433095574,0,0
1844,2,146,1,19000.58360347809,0,1
1845,18,203,0,26942.969322469828,1,0
1846,19,253,1,1000.0,0,0
1847,4,194,1,12600.730758664538,0,0
1848,9,134,0,12288.128228397898,0,0
1849,16,211,0,27050.0115828276,1,0
1850,14,200,0,17743.350689149775,0,1
1851,7,282,1,15559.80180332392,0,0
1852,14,192,0,27841.7041650362,1,0
1853,13,150,1,18013.946092551283,1,0
1854,19,218,0,20505.22855173206,1,0
1855,6,173,0,34792.27865333974,1,0
1856,11,184,0,9382.562891189355,0,0
1857,16,133,0,7751.646402802436,0,1
1858,16,173,0,2947.996632539439,0,0
1859,9,181,0,34036.40883305498,1,0
1860,18,173,0,10251.134945269681,0,1
1861,13,150,0,8810.309209684077,0,1
1862,10,194,1,9680.646800163882,0,1
1863,1,133,1,12413.534527852351,0,0
1864,17,122,0,4739.047446986651,0,1
1865,6,215,0,37519.799890376606,1,0
1866,11,210,0,35366.79398635297,1,0
1867,1,114,0,17729.494055093463,0,0
1868,19,88,0,1000.0,0,0
1869,17,129,0,1000.0,0,0
1870,5,173,1,16787.288947848683,0,1
1871,9,237,1,27287.591262860315,1,0
1872,19,172,0,1000.0,0,0
1873,14,141,0,10595.654030921036,0,1
1874,4,187,0,38647.28169068259,1,0
1875,19,174,0,4264.514849062711,0,1
1876,2,110,0,23326.22743993443,0,1
1877,4,111,0,26411.740803966695,0,1
1878,7,112,0,21070.602812884295,0,1
1879,7,303,1,12902.64539826306,0,0
1880,7,222,0,23541.738528127393,0,1
1881,11,150,1,9836.707767279955,0,1
1882,7,235,1,31581.911376748692,1,0
1883,10,151,1,12229.818741611596,0,1
1884,13,233,0,14913.300995355743,0,1
1885,7,184,0,15306.577793754615,0,0
1886,9,147,0,6734.210984739849,0,0
1887,6,213,0,17045.427186119057,0,0
1888,16,186,0,1000.0,0,0
1889,3,199,0,25001.51615769112,0,1
1890,12,190,0,34182.65819483553,1,0
1891,3,190,0,19862.985153002104,0,0
1892,4,220,1,12762.45550421914,0,0
1893,3,309,0,45215.99802898733,1,0
1894,17,242,0,2576.047910612253,0,0
1895,5,190,0,24083.77805972632,0,1
1896,1,164,0,31093.17529620287,0,1
1897,10,169,0,15279.609245466689,0,1
1898,13,117,0,1655.5423509509721,0,0
1899,4,213,0,18046.9577725219,0,0
1900,5,129,0,22094.075448426265,0,1
1901,9,161,0,13800.57234368417,0,1
1902,7,213,0,14204.53223723917,0,0
1903,13,168,0,14092.918514923143,0,1
1904,2,155,0,17392.73319990277,0,0
1905,11,120,0,14876.599483508278,0,1
1906,15,240,1,5766.81965247611,0,0
1907,16,138,1,17311.46325599341,1,0
1908,0,150,0,22409.44546993088,0,0
1909,9,90,0,6639.119150115995,0,0
1910,9,179,0,11681.419270221024,0,0
1911,1,163,0,24295.22966641339,0,0
1912,8,189,0,38047.24839908941,1,0
1913,12,121,0,23202.36431867189,1,0
1914,15,216,0,2561.7495551215557,0,0
1915,17,88,0,1000.0,0,0
1916,18,175,0,7097.118783110566,0,1
1917,11,185,0,29373.654561175783,1,0
1918,7,182,0,21523.729345701788,0,1
1919,16,187,0,5420.094635091416,0,0
1920,14,219,0,8698.87470486584,0,0
1921,9,246,0,24788.175783112623,0,1
1922,14,172,0,3031.511080581572,0,0
1923,14,131,0,4032.036213744075,0,1
1924,6,208,0,16277.361141045034,0,0
1925,12,165,0,11160.375902076354,0,1
1926,16,243,0,1000.0,0,0
1927,8,149,0,21129.660548514476,0,1
1928,7,137,0,10071.95615792307,0,0
1929,19,187,0,3502.314145704335,0,1
1930,17,92,1,1000.0,0,0
1931,12,156,1,12606.500620328643,0,1
1932,15,163,0,9601.16875635997,0,1
1933,8,191,1,16527.93565962679,0,1
1934,11,130,0,13038.366142479748,0,1
1935,11,136,0,10675.266677665499,0,1
1936,5,237,0,39697.01547378587,1,0
1937,18,179,1,1000.0,0,0
1938,6,223,0,40418.14816726446,1,0
1939,2,152,1,14943.662532922057,0,0
1940,15,177,0,3733.603633880185,0,0
1941,17,190,0,2642.5517591279327,0,0
1942,15,267,0,6175.94843566463,0,0
1943,6,169,0,26043.292707387827,0,1
1944,3,171,0,30593.72326038942,0,1
1945,7,234,0,23028.074088245903,0,1
1946,12,161,0,12769.139489669204,0,1
1947,12,194,0,4355.4680458503735,0,0
1948,16,230,0,4415.099866106382,0,0
1949,16,151,1,1274.2777201046758,0,0
1950,4,197,0,18112.995464455664,0,0
1951,5,267,0,21618.798466036307,0,0
1952,18,226,0,1000.0,0,0
1953,12,194,0,17089.74582557674,0,1
1954,13,168,1,7884.826763612722,0,1
1955,3,149,1,28881.75415052166,1,0
1956,6,130,0,35792.46344009507,1,0
1957,7,255,0,21650.213991299024,0,1
1958,12,245,1,9084.879235923096,0,0
1959,5,147,1,14455.601190961215,0,1
1960,5,196,1,18298.907932495043,0,1
1961,2,185,1,12249.62781526804,0,0
1962,2,239,0,23069.55739412638,0,0
1963,12,199,0,31116.870917319095,1,0
1964,1,178,0,20436.10745051426,0,0
1965,15,152,0,6703.842495704282,0,1
1966,5,197,0,25437.609861812096,0,1
1967,7,162,0,12791.057835693586,0,0
1968,7,191,0,15678.362168563395,0,0
1969,5,176,0,15612.44530157742,0,0
1970,13,161,0,5994.656044052324,0,0
1971,2,131,0,17699.255992148475,0,0
1972,9,205,0,36471.40848094397,1,0
1973,2,182,1,13150.765556433018,0,0
1974,11,269,1,13341.227159918213,0,1
1975,16,128,0,1000.0,0,0
1976,4,211,0,41650.21931958585,1,0
1977,19,175,0,1000.0,0,0
1978,8,284,0,21572.711058292716,0,0
1979,19,207,0,21012.03421353409,1,0
1980,6,196,0,39641.22795031048,1,0
1981,3,175,1,9273.522792167596,0,0
1982,12,144,0,30572.085575521975,1,0
1983,12,195,0,13603.30971192763,0,0
1984,9,110,0,9959.229113558686,0,0
1985,17,113,0,1000.0,0,0
1986,16,230,0,3631.3449627129035,0,0
1987,19,91,1,1000.0,0,1
1988,19,164,0,1000.0,0,0
1989,12,127,0,3145.089741681659,0,0
1990,16,159,0,7973.393968147069,0,1
1991,3,189,0,26034.245828541236,0,1
1992,0,229,0,25560.22971202504,0,0
1993,0,240,0,35746.91202314457,0,1
1994,14,134,0,1000.0,0,0
1995,12,156,0,15479.135266363584,0,1
1997,7,167,0,36429.09344706776,1,0
1998,17,135,0,1000.0,0,0
1999,12,144,0,6261.604673726927,0,0
2000,13,167,0,5306.63203635527,0,0
